{
    "id": "storm",
    "name": "STORM",
    "author": "demmonic",
    "license": "GPLv3",
    "url": "https://github.com/demmonic/Storm",
    "version": "1.0.0",
    "requires": ["stardewvalley>=1.1", "stardewvalley<1.2"],
    "content": {
        "storm": {
            "name": "STORM API",
            "description": "Contains the DLL and a launcher. You need to activate the launcher in the configuration tab to be able to use STORM mods.",
            "default": true,
            "platforms": ["windows", "linux", "mac"],
            "priority": 0,
            "pipeline": "compile-dll",
            "nuget-restore": true,
            "references": {},
            "build-parameters" : {
                "windows" : ["/p:Configuration=Release"],
                "linux" : ["/p:Configuration=Release"],
                "mac" : ["/p:Configuration=Release"]
                },
            "location": "file",
            "installables": {                
            },
            "launchers": {
                "storm-launcher": {
                    "name": "Stardew Valley STORM",
                    "description": "Runs Stardew Valley with STORM mods.",
                    "executables": {
                        "windows": {
                            "executable": "stardewvalley://StardewModdingAPI.exe",
                            "arguments": []
                        },
                        "mac": {
                            "executable": "stardewvalley://StardewModdingAPI",
                            "arguments": []
                        },
                        "linux": {
                            "executable": "stardewvalley://StardewModdingAPI",
                            "arguments": []
                        }
                    }
                }
            }
        }
    }
}
