{
  "id" : "repositorylist",
  "name" : "SilVerPLuM repository list",
  "author" : "mrboese",
  "license" : "GPLv3",
  "url" : "https://github.com/rumangerst/",
  "version" : "1.0.0.0",
  "requires" : [],
  "categories" : ["Repository sources"],
  "content" : {
    "repository" : {
      "name" : "SilVerPLuM repository list",
      "description" : "Provides access to the SilVerPLuM repository list.",
      "default" : true,
      "platforms" : ["windows", "linux", "mac"],
      "priority" : 0,
      "pipeline" : "repository",
      "repositories" : ["https://raw.githubusercontent.com/rumangerst/SilVerPLuM/master/repository/repository.json"]
    }
  }
}
