{
  "id" : "testlauncher-encrypted",
  "name" : "Test Launcher (Encrypted)",
  "author" : "mrboese",
  "license" : "GPLv3",
  "url" : "https://github.com/rumangerst/",
  "version" : "1.0.0",
  "requires" : [ "stardewvalley>0" ],
  "categories" : ["Test mods"],
  "content" : {
    "testlauncher-encrypted" : {
      "name" : "Testlauncher (Encrypted)",
      "description" : "Contains the DLL and a launcher. Don't forget to activate it!",
      "default" : true,
      "platforms" : ["windows", "linux", "mac"],
      "priority" : 0,
      "pipeline" : "compile-dll",
      "encrypted-content": {
		  "encrypted.zip" : { 
			  "password" : "2d6e10641890e91115ce379fe42d84e15354d3c6123ec8776a40d4c537c4dac2be00266a3261390b4748dec121cecdcccb",
			  "destination" : "",
			  "keep" : [ "TestLauncher.runner.unix.sh",
				"TestLauncher/bin/Debug/TestLauncher.exe"]
			  }
	  },
      "nuget-restore" : true,
      "references" : { },      
      "installables" : {
		  "TestLauncher/bin/Debug/TestLauncher.exe" : "TestLauncher.exe",
		  "TestLauncher.runner.unix.sh" : "TestLauncher"
		  },
      "launchers" : {
		  "test-launcher" : {
			  "name" : "Testlauncher (Encrypted)",			  
			  "description" : "Runs some test application",
			  "executables" : {
				  "windows" : { "executable" : "stardewvalley://TestLauncher.exe", "arguments" : [], "workdir" : "stardewvalley://" },
				  "mac" : { "executable" : "stardewvalley://TestLauncher", "arguments" : [], "workdir" : "stardewvalley://" },
				  "linux" : { "executable" : "stardewvalley://TestLauncher", "arguments" : [], "workdir" : "stardewvalley://" }
			  }
		  }
	  }
    }
  }
}
