{
    "id": "smapi",
    "name": "SMAPI",
    "author": "ClxS",
    "license": "LGPL",
    "url": "https://github.com/cjsu/SMAPI",
    "version": "0.40.1.1",
    "requires": ["stardewvalley==1.1.1"],
    "content": {
        "smapi": {
            "name": "Stardew Valley Modding API",
            "description": "Contains the DLL and a launcher. You need to activate the launcher in the configuration tab to be able to use SMAPI mods.",
            "default": true,
            "platforms": ["windows"],
            "priority": 0,
            "pipeline": "compile-dll",
            "nuget-restore": true,
            "references": {},
            "build-parameters" : {
                "windows" : ["/p:Configuration=Release"],
                "linux" : ["/p:Configuration=Release"],
                "mac" : ["/p:Configuration=Release"]
                },
            "location": "file",
            "installables": {
                "StardewModdingAPI/bin/Release/StardewModdingAPI.exe": "StardewModdingAPI.exe",
                "StardewModdingAPI/bin/Release/Newtonsoft.Json.dll": "Newtonsoft.Json.dll"
            },
            "launchers": {
                "smapi-launcher": {
                    "name": "Stardew Valley SMAPI",
                    "description": "Runs Stardew Valley with SMAPI mods.",
                    "executables": {
                        "windows": {
                            "executable": "stardewvalley://StardewModdingAPI.exe",
                            "arguments": []
                        }
                    }
                }
            }
        },
        "smapi-linux": {
            "name": "Stardew Valley Modding API",
            "description": "Contains the DLL and a launcher. You need to activate the launcher in the configuration tab to be able to use SMAPI mods.",
            "default": true,
            "platforms": ["linux"],
            "priority": 0,
            "pipeline": "compile-dll",
            "nuget-restore": true,
            "sourcedir" : "src",
            "references": {},
            "build-parameters" : {
                "windows" : ["/p:Configuration=Release"],
                "linux" : ["/p:Configuration=Release"],
                "mac" : ["/p:Configuration=Release"]
                },
            "location": "file",
            "installables": {
                "src/StardewModdingAPI/bin/Release/StardewModdingAPI.exe": "StardewModdingAPI.exe",
                "StardewModdingAPI" : "StardewModdingAPI",
                "src/StardewModdingAPI/bin/Release/Newtonsoft.Json.dll": "Newtonsoft.Json.dll"
            },
            "launchers": {
                "smapi-launcher": {
                    "name": "Stardew Valley SMAPI",
                    "description": "Runs Stardew Valley with SMAPI mods.",
                    "executables": {
                        "linux": {
                            "executable": "stardewvalley://StardewModdingAPI",
                            "arguments": []
                        }
                    }
                }
            }
        }
    }
}
